{"timestamps": [1528891273.386281, 1528891280.071477, 1528891285.662209, 1528891297.159225, 1528891314.459152], "initial_reset_timestamp": 1528891257.748407, "episode_types": ["t", "t", "t", "t", "t"], "episode_lengths": [34, 12, 10, 23, 36], "episode_rewards": [-2800.0, -850.0, -400.0, 550.0, 1700.0]}